Title,Rating,Reviews,Discount Price,Original Price,Off
Tecno Spark 30,3.3,1.0,36899.0,39999.0,8%
Nokia 105 Classic,5.0,67.0,3749.0,4199.0,11%
Infinix Note 40,2.1,189.0,48999.0,57999.0,16%
Jazz Digit E2 Pro 4G,4.0,132.0,6199.0,9499.0,35%
Xiaomi Redmi Note 13,1.3,425.0,42999.0,52999.0,19%
AllCall Shine 12 Pro,1.2,,19199.0,20999.0,9%
Xiaomi Redmi 14C,2.4,22.0,27999.0,29999.0,7%
VGO TEL Note 23,2.8,331.0,26999.0,31999.0,16%
Infinix Hot 50i,3.4,2.0,30399.0,32999.0,8%
Vivo Y03t,1.2,3.0,25100.0,27999.0,10%
Infinix Hot 40,4.6,190.0,34799.0,37999.0,8%
Samsung Galaxy A05s,2.9,88.0,33500.0,38500.0,13%
Nokia 105 2023,2.0,85.0,4099.0,4999.0,18%
Nokia 125 (2024),1.9,5.0,5949.0,5999.0,1%
Calme 4g Premium,2.9,8.0,9299.0,9950.0,7%
Samsung Galaxy A55 5G,4.9,70.0,122500.0,139999.0,12%
ZTE Nubia Music,2.0,2.0,23399.0,24999.0,6%
Tecno Camon 30S,4.2,4.0,53999.0,59999.0,10%
Infinix Zero 40 4G,1.2,5.0,63500.0,69999.0,9%
Tecno Spark Go 1,1.4,7.0,23399.0,25999.0,10%
Realme Note 60,1.1,17.0,23899.0,26999.0,11%
Tecno SPARK 30C,3.4,4.0,29099.0,32999.0,12%
GFive 4G Smart,2.5,,6399.0,7999.0,20%
Nokia 108 (2024),2.6,6.0,,4999.0,
Realme C63,2.2,51.0,31899.0,36999.0,14%
Qmobile QSmart Ultra,4.7,23.0,22999.0,29999.0,23%
Infinix Note 40 Pro Plus,3.4,3.0,75999.0,99999.0,24%
Jazz Digit Energy 4G,4.9,95.0,5999.0,7199.0,17%
Samsung Galaxy A24 4G,1.7,178.0,57499.0,79999.0,28%
AllCall Shine 12T,2.2,2.0,16799.0,18499.0,9%
Infinix Hot 50 Pro,1.9,4.0,42499.0,44999.0,6%
Sparx Note 12,1.2,2.0,24299.0,27499.0,12%
Nokia 106 2023,4.0,125.0,4699.0,4999.0,6%
MeMobile Power Pro,2.0,1.0,2499.0,3999.0,38%
Sparx Neo 7 Ultra,4.9,168.0,22899.0,27499.0,17%
Xiaomi Redmi 10A,4.0,245.0,20499.0,29999.0,32%
Itel It2165,1.9,13.0,,2349.0,
Nokia 106 2023,4.3,125.0,4699.0,4999.0,6%
Xiaomi Redmi 10A,2.5,245.0,20499.0,29999.0,32%
ZTE Nubia V60 Design,1.2,15.0,26999.0,30999.0,13%
Nokia 5310 (2020),2.5,19.0,9599.0,10399.0,8%
Vivo Y100,4.7,29.0,50799.0,56999.0,11%
Dcode Cygnal 2,2.6,15.0,17999.0,25999.0,31%
Itel A50,2.0,3.0,16999.0,19999.0,15%
Tecno SPARK 30 Pro,4.9,12.0,40799.0,45999.0,11%
Sparx Neo X,2.2,69.0,19199.0,31999.0,40%
Infinix Smart 8 Pro,2.2,90.0,24999.0,27999.0,11%
Honor X6a,2.3,48.0,24799.0,30999.0,20%
itel P55 Plus,3.9,2.0,27499.0,32999.0,17%
Xiaomi Poco C75,3.1,3.0,34699.0,36999.0,6%
Sparx Neo 8,2.2,,21399.0,29499.0,27%
itel Muzik 410 Pro,4.5,,3999.0,4299.0,7%
ZTE Blade V60 Smart,2.4,1.0,23999.0,25999.0,8%
Infinix Smart 7 HD,2.8,84.0,17499.0,18999.0,8%
Infinix Smart 9 HD,4.4,,23999.0,25999.0,8%
Itel P55,1.3,22.0,22399.0,27999.0,20%
Infinix Hot 50,1.8,3.0,37899.0,39999.0,5%
Samsung Galaxy A06,1.3,10.0,24999.0,26999.0,7%
Villaon V30,1.3,12.0,12899.0,13999.0,8%
GFive 6700 4G (2024),3.0,28.0,6299.0,8000.0,21%
Xiaomi Redmi 13,2.8,81.0,34499.0,39999.0,14%
Honor X7b,4.9,6.0,47499.0,59999.0,21%
Xiaomi Redmi A3,1.3,270.0,19899.0,23999.0,17%
Vivo V40,4.6,5.0,125499.0,139999.0,10%
itel Muzik 400,3.5,46.0,,4699.0,
Tecno Spark 20,2.0,240.0,30199.0,32999.0,8%
Infinix Smart 8 Plus,4.3,95.0,23399.0,26999.0,13%
Itel It5361,3.2,5.0,3999.0,4199.0,5%
Xiaomi Redmi Note 13 Pro Plus,3.0,49.0,131999.0,146999.0,10%
Vivo V40e,3.5,,88999.0,99999.0,11%
Calme Hero 4G,1.7,52.0,7599.0,10199.0,25%
Oppo A60,2.9,5.0,50399.0,54999.0,8%
Oppo A3x,1.3,7.0,31899.0,34999.0,9%
Samsung Galaxy A35 5G,2.3,22.0,99999.0,119999.0,17%
Samsung Galaxy A25,2.7,17.0,71999.0,98500.0,27%
GFive Style 4G,3.5,20.0,5999.0,8000.0,25%
Itel it2166,3.9,36.0,,2649.0,
VGO TEL New 24,4.2,91.0,19499.0,20999.0,7%
Sparx Neo 7 Pro,4.9,25.0,19999.0,27499.0,27%
Digit 4G Energy Max,4.6,24.0,8399.0,9999.0,16%
Oppo A18,4.7,17.0,29000.0,31999.0,9%
Realme 12 4G,2.1,5.0,54199.0,59999.0,10%
Faywa Smart Flip,3.1,,,3799.0,
Realme C61,3.0,20.0,29600.0,32999.0,10%
Dcode Bold 3,1.1,48.0,29599.0,39999.0,26%
Samsung Galaxy S24 Ultra,4.4,44.0,410999.0,469999.0,13%
Oppo A3,2.8,2.0,45800.0,49999.0,8%
Xiaomi Redmi Note 13 Pro,3.6,295.0,61499.0,74999.0,18%
VGO TEL New 16,1.0,21.0,17999.0,18599.0,3%
Nokia 6310 (2021),3.3,11.0,10599.0,11399.0,7%
Infinix Smart 8,1.4,99.0,21999.0,24999.0,12%
Oppo A78,1.6,28.0,58299.0,64999.0,10%
Samsung Galaxy A05,2.8,270.0,20999.0,24999.0,16%
Sparx ultra 8 pro,3.4,4.0,31399.0,35993.0,13%
Infinix GT 20 Pro,3.3,23.0,88499.0,99999.0,12%
Itel It 5031,1.3,3.0,,3599.0,
Calme C885,4.6,,,3249.0,
Realme C53,4.3,98.0,30099.0,34999.0,14%
itel A70,4.7,48.0,19499.0,23999.0,19%
Samsung Galaxy S24 Ultra (12GB-256GB),3.4,26.0,383999.0,434999.0,12%
Tecno Spark Go 2023,3.1,65.0,20999.0,30999.0,32%
Calme Four Sim,4.3,,,3549.0,
Faywa Diamond,4.8,15.0,3599.0,4000.0,10%
VGO Tel New 26,3.4,3.0,25599.0,27500.0,7%
Nokia 110 2023,1.8,1.0,5999.0,6899.0,13%
VGO TEL Smart HI-FI,4.6,5.0,4899.0,5324.0,8%
Faywa Smart 4G,1.4,8.0,7349.0,9499.0,23%
Infinix Hot 50 Pro Plus,2.8,4.0,,59499.0,
itel P65,4.5,2.0,,27999.0,
Calme Music 400,3.0,,,3499.0,
Itel Power 700 2024,1.2,,4399.0,4499.0,2%
Itel Muzik 430,3.5,26.0,3640.0,3799.0,4%
Sparx Edge 20 Pro,2.5,42.0,41999.0,52499.0,20%
GFive 16 Pro Max,2.9,,4599.0,5999.0,23%
Calme 4G Hot,2.2,15.0,5199.0,5200.0,0%
Xiaomi Redmi 13C,2.2,745.0,28999.0,31999.0,9%
Tecno Spark Go 2024,3.8,106.0,22299.0,24999.0,11%
Tecno Spark 20 Pro Plus,1.6,136.0,54499.0,59999.0,9%
Vivo Y18,1.2,13.0,33899.0,38499.0,12%
Vivo Y28,3.8,9.0,40099.0,46999.0,15%
Calme C552,3.8,,,3049.0,
Samsung Galaxy S24,4.2,10.0,250999.0,289999.0,13%
Faywa Smart Max,3.0,3.0,3249.0,3999.0,19%
Itel A05s,1.3,37.0,18899.0,20999.0,10%
Qmobile E 3000,1.2,,,3999.0,
Tecno Camon 30,4.0,129.0,47699.0,57999.0,18%
Club Mobile A90+,2.1,,2969.0,3099.0,4%
Itel It2176,2.2,5.0,,3199.0,
Sparx Neo 5 Pro,4.4,5.0,17149.0,18499.0,7%
Poco M6 Pro,5.0,9.0,83999.0,89999.0,7%
VGO TEL Four 22,2.0,6.0,,3549.0,
FAYWA Eagle 2 (4 SIM),1.0,32.0,2899.0,3999.0,28%
Tecno Pop 7,1.2,21.0,17899.0,20699.0,14%
GFive Falak,2.6,4.0,3199.0,3399.0,6%
Memobile Ismart Max,2.0,,3599.0,3699.0,3%
VNUS SE22,1.4,11.0,16100.0,27999.0,42%
Itel S24,1.4,90.0,25299.0,33999.0,26%
VGO TEL New 15,2.6,59.0,,17499.0,
Sparx Note 20,4.5,33.0,34899.0,37999.0,8%
VGO TEL Four 44,4.6,,,3999.0,
calme CL 888,3.0,1.0,,3049.0,
ZTE Blade A55,4.2,10.0,19799.0,20999.0,6%
Apple iPhone 12,1.8,23.0,174999.0,200000.0,13%
Club Mobile 4 Plus (4-sim),4.7,,3179.0,3299.0,4%
Infinix Smart 9,4.4,,26999.0,28999.0,7%
Sparx Neo 8 Pro,1.0,5.0,22999.0,23499.0,2%
Realme C65,2.8,3.0,43599.0,44999.0,3%
Gfive Baadshah,2.7,,,3349.0,
Faywa Smart 2,4.9,1.0,3699.0,3949.0,6%
itel Flip 1,4.1,10.0,6099.0,6999.0,13%
Calme 4G Spark,4.4,4.0,9499.0,9950.0,5%
Calme 4G turbo,1.3,1.0,,4899.0,
CALME M23,4.9,1.0,2399.0,2549.0,6%
Club Mobile 15 pro Metal,4.1,,3099.0,3199.0,3%
FAYWA Prime 1,2.0,,2349.0,2499.0,6%
Faywa Smart 3,4.8,2.0,3749.0,5000.0,25%
Apple iPhone 11,2.1,151.0,138999.0,207999.0,33%
Realme Note 50,1.6,211.0,22599.0,24999.0,10%
Calme 4G Super,1.6,,,6399.0,
Itel Magic 4,1.5,6.0,4249.0,6199.0,31%
Vivo Y19s,2.0,2.0,34299.0,38999.0,12%
Hello Tech G7,4.4,,,2399.0,
GFive Music 200,4.5,9.0,,2399.0,
ZTE Blade A35,1.5,1.0,17899.0,18999.0,6%
Club Mobile Light club pro,1.8,,,2999.0,
Apple iPhone 14,3.3,3.0,274999.0,299999.0,8%
Gfive 15 Pro,3.3,,3749.0,3899.0,4%
Calme 4g Platinum,3.1,3.0,,5599.0,
FAYWA Eagle 1,1.6,,3299.0,3549.0,7%
QMobile QSmart 8,3.0,4.0,18199.0,18999.0,4%
Oppo Reno 12F 4G,1.2,12.0,54099.0,59999.0,10%
VGO TEL NEW 12,3.8,43.0,15999.0,16750.0,4%
Calme Music 500,4.6,,,3199.0,
Faywa F110,3.0,6.0,2149.0,2385.0,10%
Nokia C12 Pro,4.6,,19099.0,22999.0,17%
Samsung Galaxy A54 5G,1.2,136.0,105500.0,140999.0,25%
Samsung Galaxy S23 FE,2.4,39.0,179999.0,204999.0,12%
Itel P40 4G,3.9,52.0,18799.0,21999.0,15%
itel Power 120,4.2,6.0,3099.0,3199.0,3%
VGO TEL New 25,1.2,,24799.0,26500.0,6%
Oppo Reno 12F 5G,4.7,1.0,,82499.0,
VGO TEL i10,3.1,2.0,,3849.0,
Itel Neo X30+,3.8,9.0,6499.0,7000.0,7%
Calme Ultra Slim,2.4,1.0,,2999.0,
Calme CL251,2.5,,2799.0,3399.0,18%
Villaon V210,3.1,,,2699.0,
Qmobile Spark 4000,4.1,3.0,,3899.0,
Apple iPhone 16 Pro Max,1.7,1.0,519999.0,540500.0,4%
Vivo Y19s,4.8,2.0,34299.0,38999.0,12%
itel Value 100,3.8,69.0,2799.0,2899.0,3%
GFive Smart,2.6,4.0,,2399.0,
E-Tachi E8 Classic,2.3,1.0,,3649.0,
FAYWA SMART 1,2.4,1.0,3549.0,4199.0,15%
Samsung Galaxy Z Flip 6,4.2,1.0,335999.0,384999.0,13%
Xiaomi 14,1.5,5.0,238999.0,339999.0,30%
itel S23 Plus,2.6,4.0,37499.0,44999.0,17%
Calme Power light,2.6,,,3099.0,
Digit Infinity,4.9,56.0,13349.0,22999.0,42%
HONOR X9b,4.0,1.0,108999.0,129999.0,16%
QMobile QStar Max,1.4,9.0,,4099.0,
Samsung Galaxy A04s,4.7,210.0,27999.0,39999.0,30%
Samsung Galaxy S23 Ultra,4.4,13.0,336999.0,382999.0,12%
Apple iPhone 13,2.2,12.0,240499.0,274999.0,13%
Apple iPhone 16,3.4,1.0,355999.0,369000.0,4%
Tecno Spark 20C,2.7,110.0,26999.0,27999.0,4%
Sparx Neo 5 Plus,3.1,34.0,18299.0,19499.0,6%
E-Tachi E-Prime,3.9,4.0,3699.0,3899.0,5%
E-tachi E9 Metal,4.9,,3299.0,3500.0,6%
Faywa F6,2.5,2.0,2399.0,2449.0,2%
FAYWA F14 Pro (4 Sim),4.1,9.0,3199.0,4099.0,22%
VGO TEL i710,1.4,,,4299.0,
Calme Music 300,1.5,,,3149.0,
Calme 4G Edge,3.3,,9149.0,9500.0,4%
Calme C222,4.1,,,3099.0,
Memobile E100,2.5,,2199.0,2399.0,8%
Memobile I touch,4.5,,3749.0,3899.0,4%
FAYWA F14 Pro (4 Sim),1.1,9.0,3199.0,4099.0,22%
Sparx Neo 5 Plus,4.4,34.0,18299.0,19499.0,6%
XSmart Nova 7,4.1,2.0,19999.0,20499.0,2%
Villaon V220,1.5,,,2999.0,
Samsung Galaxy A04,1.6,646.0,24999.0,35500.0,30%
Oppo Reno 11 5G,3.7,5.0,104999.0,129999.0,19%
Xiaomi 14T Pro,4.4,2.0,203999.0,229999.0,11%
VGO TEL iMusic Lite,4.1,2.0,,3899.0,
Itel P40 4G,3.3,52.0,18799.0,21999.0,15%
itel Power 120,4.9,6.0,3099.0,3199.0,3%
GFive iMaxx,3.6,1.0,,2949.0,
Calme battery ka pehlwan,4.8,3.0,,3524.0,
Calme C108,1.4,,,2599.0,
calme C661,2.5,,,2999.0,
me Mobile Power 4,1.6,1.0,3199.0,3299.0,3%
Memobile Dj Power,2.0,2.0,3499.0,3599.0,3%
GRESSO Jugnu,2.2,2.0,,2799.0,
Sparx Neo 6 Plus,4.7,1.0,18100.0,19499.0,7%
Honor 90 Lite,2.2,2.0,83999.0,89999.0,7%
XMobile Disco Plus,2.2,,,3899.0,
E-Tachi E40i,1.2,3.0,3699.0,3799.0,3%
E-Tachi Mega Music Pro,2.1,,3549.0,3825.0,7%
E-Tachi iPro,3.1,14.0,,4999.0,
Faywa F7,3.7,1.0,2149.0,2399.0,10%
Faywa Pro 1 4g,4.9,,7599.0,7600.0,0%
Villaon Pock 1,2.9,5.0,,3049.0,
Hello Tech G1,3.5,,,2450.0,
Samsung Galaxy A14,3.4,381.0,35999.0,56999.0,37%
Xiaomi 14T,4.0,6.0,156999.0,175999.0,11%
VGO TEL S22,1.8,,,4399.0,
GFive Big Falak,4.0,,,3149.0,
Calme 4g Star,1.0,9.0,7499.0,8000.0,6%
Calme 4g Cloud,1.8,,,5499.0,
XMobile X2 Play,4.8,,,2699.0,
FAYWA Prime 2,3.8,1.0,2149.0,2449.0,12%
Honor X8b,3.7,10.0,69499.0,79999.0,13%
Calme 4g Cloud,3.4,,,5499.0,
XMobile Music Master,2.1,,,3699.0,
Spice S5,3.3,,,2999.0,
Honor 90,4.4,1.0,144999.0,179999.0,19%
KXD Classic Core A09,3.7,,20399.0,22500.0,9%
Hello Tech V2,1.0,,,2399.0,
itel Value 100,2.3,69.0,2799.0,2899.0,3%
VGO TEL i15,3.5,,,4349.0,
GFive Lion,4.3,,,3350.0,
Calme C251 Lite,2.1,,,2699.0,
Calme Ultra Lite S,1.7,1.0,,2899.0,
Calme Ultra Pro X,3.8,,,3349.0,
Memobile Plantinum 2,3.8,,3699.0,3799.0,3%
Samsung Galaxy A15,2.3,238.0,45500.0,52999.0,14%
FAYWA J3 Slim,2.6,3.0,2999.0,3999.0,25%
Sparx Neo 8 Plus,5.0,,21299.0,22999.0,7%
HONOR X9b,3.7,1.0,108999.0,129999.0,16%
KXD Classic core A07,1.6,5.0,18999.0,22900.0,17%
KXD Classic Core A10,3.8,,22499.0,24499.0,8%
Villaon V5606,1.6,1.0,,2249.0,
Dcode Cygnal 4 Lite,1.5,,20999.0,23999.0,13%
GFive 4G Ultra Pro,4.5,5.0,6399.0,7999.0,20%
Calme M16,2.9,,,2399.0,
Calme C251,2.2,,2799.0,3399.0,18%
Calme iMax,2.0,3.0,,2999.0,
Calme 4G LITE,3.0,,,7199.0,
Calme C112,2.7,,,2599.0,
Calme 4G Music,4.1,3.0,,5399.0,
GRESSO E3100,1.6,7.0,2549.0,2799.0,9%
E-Tachi Music E10,2.1,1.0,,3899.0,
E-Tachi B2 Pro,3.2,,2949.0,2999.0,2%
Spice S5026,1.0,,,2999.0,
Club Mobile Maula Jutt,4.4,3.0,3249.0,3299.0,2%
Faywa E1000 Music,3.1,,,3600.0,
Hello Tech E5,1.2,,,2550.0,
Hello Tech G2 Lite,3.4,,,2499.0,
MeMobile M106,5.0,1.0,2749.0,2799.0,2%
E-Tachi Music E10,3.6,1.0,,3899.0,
E-Tachi B2 Pro,2.9,,2949.0,2999.0,2%
Spice S5026,2.0,,,2999.0,
Club Mobile Maula Jutt,1.3,3.0,3249.0,3299.0,2%
Faywa E1000 Music,3.1,,,3600.0,
Sparx Neo 11,1.6,7.0,19899.0,25499.0,22%
Hello Tech E5,2.3,,,2550.0,
Hello Tech G2 Lite,4.6,,,2499.0,
GFive Rocky,3.8,9.0,,2999.0,
Calme M221,4.6,2.0,2799.0,3249.0,14%
Digit Next Ultra,2.8,,18299.0,23000.0,20%
ZTE Nubia Focus 5g,3.5,,41999.0,44999.0,7%
me Mobile I251,1.4,3.0,,2799.0,
GRACE 9,1.7,1.0,24799.0,25999.0,5%
Memobile iPower pro,4.3,1.0,,2749.0,
GRESSO 4sim,4.5,,,3500.0,
Vgotel Flex 2,4.5,,13699.0,14150.0,3%
XMobile Champion,2.0,,,3599.0,
XMobile Dabang Plus,2.6,,,3849.0,
XMobile X1000 Music,4.8,,,3999.0,
XMobile X4i,1.8,,,3799.0,
Xmobile X6,1.0,,,3899.0,
Xmobile Boom I,3.9,1.0,3599.0,3799.0,5%
E-tachi iPro Fold,3.7,2.0,4849.0,5099.0,5%
Club Mobile Rainbow 5000,3.3,1.0,3369.0,3499.0,4%
Club Mobile A1000 plus,2.6,,3149.0,3299.0,5%
FAYWA Prime 3,2.2,4.0,2149.0,2449.0,12%
XSmart Mate 10,1.4,4.0,21499.0,24999.0,14%
UMIDIGI A15,2.1,1.0,39899.0,42999.0,7%
Hello Tech S1,2.6,,,2299.0,
Hello Tech E500,3.9,,,2599.0,
Hello Tech G3,4.1,,,2599.0,
Hello Tech G8,2.2,,,3050.0,
Samsung Galaxy Z Fold 4,3.4,27.0,341999.0,539999.0,37%
Qmobile E 2000 Music,3.6,2.0,,3899.0,
Realme 13+ 5G,3.4,,78999.0,89999.0,12%
Tecno Phantom V Flip,1.2,,159999.0,199999.0,20%
VGO TEL S9,2.0,1.0,,4049.0,
Itel A26,1.7,18.0,16399.0,22399.0,27%
Itel Power 700 Core,3.8,17.0,3999.0,4349.0,8%
Honor X6,2.0,71.0,25499.0,29999.0,15%
Sparx Neo 6,1.0,20.0,15999.0,16999.0,6%
Calme C5310,4.4,,,2399.0,
Calme C107,4.2,,,2599.0,
Calme M116,1.4,,,2799.0,
Calme C17,2.2,,,2399.0,
ZTE Nubia Focus Pro 5G,2.8,3.0,53999.0,57999.0,7%
me Mobile Magic Power,1.9,4.0,2699.0,2999.0,10%
Memobile Hungama Shine,1.1,,3349.0,3399.0,1%
REMAXX R1280,3.7,,2349.0,2350.0,0%
REMAXX R105,3.1,2.0,,2699.0,
REMAXX Thunder Pro,1.6,,2649.0,2650.0,0%
XMobile Mega Gabbar,2.3,,3999.0,4099.0,2%
XMobile Music King,2.1,,,3899.0,
E-Tachi Mega King,1.3,2.0,,3949.0,
Club Mobile Noori naath,2.7,,3099.0,3199.0,3%
Club Mobile Night Club Pro,4.1,1.0,2899.0,2999.0,3%
Club Mobile Rambo,3.4,,2999.0,3499.0,14%
Faywa Music 700,2.5,,3349.0,3400.0,2%
XSmart Nova 5,2.9,,,18099.0,
UMIDIGI G3 Plus,2.4,,24999.0,29999.0,17%
Oppo Reno 12 5G,3.8,1.0,149999.0,159999.0,6%
Apple iPhone 16 Plus,4.9,,391299.0,407500.0,4%
Apple iPhone 16 Pro,1.8,,441499.0,460000.0,4%
Tecno Spark 8C,3.4,130.0,19499.0,24999.0,22%
Tecno Camon 30 Premier 5G,1.1,4.0,144999.0,158999.0,9%
Xiaomi Mix Flip,2.3,,334999.0,399999.0,16%
VGO TEL S10,3.6,1.0,,4099.0,
GFive Power Bank,4.2,2.0,,3549.0,
me Mobile L109,4.1,,,3149.0,
GRESSO E1280,4.3,16.0,2799.0,3000.0,7%
GRESSO Turbo 2 Plus,1.2,3.0,,2899.0,
XMobile Music Ka Sultan Plus,3.9,,,3899.0,
XMobile Gabbar Plus,4.2,,,3599.0,
XMobile X4 Plus,3.8,,,3749.0,
E-Tachi Magic E5,3.6,2.0,,3749.0,
Club Mobile Music 400,4.7,,,3499.0,
FAYWA F111,3.0,1.0,,2449.0,
Sparx Neo 8 lite,5.0,,18399.0,19999.0,8%
Honor X5 Plus,2.3,10.0,24499.0,28499.0,14%
Honor X9a 5G,2.8,,101999.0,129999.0,22%
Xsmart Core X,3.0,1.0,20899.0,22499.0,7%
UMIDIGI A15C,2.5,,35199.0,37999.0,7%
QMobile Qsmart Blaze,3.6,31.0,14799.0,21999.0,33%
Vivo Y21T,4.6,31.0,48499.0,79999.0,39%
Tecno Phantom V Fold,3.2,,279999.0,349999.0,20%
Calme E1000,3.5,,,3249.0,
Calme Sound Master,1.7,,,3249.0,
DIGIT Hero,3.8,,4049.0,7500.0,46%
GRESSO CR7,3.9,2.0,,2799.0,
XMobile Gabbar Pro Plus,4.1,,,3699.0,
XMobile X1000 Party,1.4,,,3599.0,
Faywa NEX1 4G,3.9,2.0,7599.0,7799.0,3%
Memobile iSmart Gold,2.8,,,3699.0,
Faywa F10,1.0,,2849.0,3199.0,11%
Xmobile Dabang Pro,3.0,,,3799.0,
GIONEE L800i,3.9,,,3799.0,
Calme Spark,2.3,2.0,,2699.0,
Memobile Hungama Max,2.4,,,3399.0,
OUKITEL C36,2.3,,20499.0,20999.0,2%
REMAXX R110,1.0,2.0,2349.0,2350.0,0%
REMAXX Star,1.5,1.0,,2899.0,
Xmobile X101,1.5,1.0,,2599.0,
Faywa Music 500,2.1,,3299.0,3600.0,8%
AllCall Hero 20i,4.9,,19099.0,19999.0,5%
CALME 4G Power,3.3,3.0,9399.0,9800.0,4%
REMAXX Hero,2.4,1.0,,2450.0,
Xmobile D4 Lite,2.2,1.0,,4049.0,
Xmobile X4 Ultra,4.2,,,3745.0,
Faywa J1 Classic,2.6,,,3149.0,
Faywa Music 800,4.6,,3099.0,3300.0,6%
AllCall Magic 15,2.9,,18629.0,19499.0,4%
Memobile ismart,2.3,3.0,3199.0,3299.0,3%
Xmobile G3 Plus,2.5,,,3899.0,
VGO TEL i20,3.0,,,4699.0,
Calme C16,4.4,,2399.0,2999.0,20%
Calme C7 pro,1.2,4.0,,3349.0,
Memobile XL 4000,2.4,,3199.0,3299.0,3%
Gresso A10,3.9,,,3300.0,
REMAXX Eco,2.1,1.0,2499.0,2500.0,0%
XMOBILE E4 NEW,4.7,1.0,,3799.0,
Xmobile Power X,1.1,,,3899.0,
Xmobile X2 Plus,2.6,,,2899.0,
Xmobile X16,4.5,1.0,,3999.0,
Faywa F4,3.6,,2899.0,2985.0,3%
QMobile SL50i,3.5,3.0,,3999.0,
Qmobile QGuru,4.6,10.0,,1999.0,
Nokia 2660 Flip,4.1,36.0,,16199.0,
Samsung Galaxy A13,1.7,403.0,,32999.0,
Samsung Galaxy S22 Ultra,2.6,101.0,,289999.0,
Samsung Galaxy S22,5.0,25.0,,194999.0,
Samsung Galaxy Z Flip 5,2.9,2.0,,303999.0,
Oppo A54,5.0,107.0,,36999.0,
Infinix Hot 30i,3.1,41.0,,22549.0,
Xiaomi Redmi A1+,3.7,321.0,,16299.0,
Vivo Y03,2.6,38.0,,25999.0,
Realme GT 6,4.6,,,149999.0,
Tecno Camon 20 Pro,4.7,79.0,,43999.0,
Dcode Bold 2,2.6,24.0,,18999.0,
VGO TEL i251,2.7,6.0,,3399.0,
VGO TEL i12,2.3,2.0,,4949.0,
itel P17 Pro,4.7,54.0,,11299.0,
Itel Super Guru 600,2.6,19.0,,3399.0,
GFive Style,4.2,2.0,,2999.0,
GFive 2Eye,4.9,13.0,,1949.0,
GFive star,1.8,8.0,,1999.0,
GFive Mega,2.5,,,2149.0,
GFive Ultra pro,2.2,6.0,,3099.0,
Jazz Digit Crown 4G,3.5,,,6299.0,
Jazz Digit E3 Pro 4G,1.6,73.0,,10999.0,
Digit Infinity Max,4.1,,,18799.0,
ZTE Blade A72s,3.1,138.0,,22499.0,
ZTE Blade A54,3.0,46.0,,18999.0,
me Mobile Magic Star,4.3,21.0,,3550.0,
Memobile Banana,4.6,4.0,,2199.0,
GRESSO R106 Pro,3.8,,,2549.0,
GRESSO R106,4.2,1.0,,2799.0,
Club Mobile A1000,4.5,4.0,,3799.0,
Club mobile One Plus,1.4,,,3299.0,
Faywa L1,3.3,3.0,,2549.0,
XMobile F6 Plus,2.1,3.0,,3899.0,
XMobile X1,1.5,5.0,,2799.0,
XMobile X3,4.8,2.0,,2899.0,
E-Tachi B12,2.9,5.0,,2599.0,
E-Tachi B13,3.9,1.0,,2624.0,
E-Tachi Music E1000,2.2,,,3799.0,
E-Tachi E4i,2.4,,,4599.0,
E-Tachi E5310 Lite,4.2,,,3799.0,
E-Tachi E777,1.0,,,3899.0,
E-tachi B2 Lite,1.9,,,2949.0,
E-tachi Five Star,3.6,,,4249.0,
QMobile SL100 Power,3.5,3.0,,4299.0,
QMobile E400i,4.0,,,3599.0,
QMobile Music 400 Pro,1.0,2.0,,3777.0,
QMobile SL100 Big,4.8,4.0,,4299.0,
QMobile QHero,1.6,1.0,,3299.0,
QPhantom,2.5,,,4699.0,
Nokia 130,1.9,48.0,,5549.0,
Nokia 105 2022,1.5,99.0,,6199.0,
Nokia C31,2.0,35.0,,20399.0,
Nokia 3210,3.4,3.0,,12399.0,
Infinix Note 30,3.3,475.0,,41399.0,
Infinix Hot 40 Pro,4.1,145.0,,38999.0,
Oppo A38,3.1,27.0,,40999.0,
Oppo Reno 11F 5G,2.3,62.0,,78999.0,
Tecno Spark 10 Pro,3.4,468.0,,32999.0,
Tecno Spark 10,2.3,75.0,,23799.0,
Tecno Camon 30 Pro 5G,3.4,20.0,,93499.0,
Xiaomi Redmi 12,3.0,1003.0,,35999.0,
Xiaomi Poco C65,2.9,11.0,,35999.0,
Xiaomi 14 Ultra,1.7,,,369599.0,
Motorola Moto G54 5G,2.9,33.0,,43499.0,
Samsung Galaxy A34,2.0,131.0,,83499.0,
Samsung Galaxy Z Fold 5,2.7,3.0,,589399.0,
Apple iPhone 15 Plus,3.9,,,377100.0,
GFive G3310,4.3,2.0,,2749.0,
GFive Big Fighter,2.5,2.0,,2749.0,
GFive Fighter,4.1,2.0,,2899.0,
GFive Rock,1.8,,,2700.0,
GFive pro,4.6,9.0,,3199.0,
Digit Glory 1,2.7,25.0,,12799.0,
Digit 4G Power Max,2.6,4.0,,6500.0,
MeMobile Grace 10,3.5,,,29999.0,
Memobile XL300,2.3,1.0,,3499.0,
Dcode Cygnal 2 Pro,3.0,88.0,,16399.0,
Dcode Cygnal 3 Pro,4.0,85.0,,19899.0,
VGO TEL S20,2.2,9.0,,3899.0,
VGO TEL i14,3.9,4.0,,3650.0,
XMobile X4,1.4,,,3499.0,
XMobile Jeet,3.3,1.0,,2799.0,
XMobile X4 Lite,4.1,1.0,,3999.0,
XMobile X1 Lite,4.9,1.0,,2399.0,
E-Tachi B105 Lite,4.6,6.0,,2599.0,
E-Tachi B555,4.6,3.0,,2199.0,
E-tachi Star One,4.2,,,3899.0,
Club Mobile A3000,3.6,4.0,,3399.0,
Itel A60s,1.5,122.0,,18999.0,
Sparx Ultra 8,1.1,,,29199.0,
Honor X5,4.6,32.0,,15499.0,
Villaon V112,2.9,1.0,,2399.0,
Apple iPhone 14 Pro,4.7,6.0,,505999.0,
Apple iPhone 15 Pro,2.3,1.0,,399999.0,
QMobile SL100,3.9,,,3880.0,
QMobile Music Ka Sultan,4.0,,,3799.0,
Qmobile QGuru Plus,3.5,19.0,,2099.0,
Qmobile Q150,1.7,2.0,,2649.0,
Nokia 105,1.5,18.0,,5549.0,
Nokia 110 2022,2.8,,,7999.0,
Nokia C22,1.8,4.0,,22999.0,
Infinix Hot 30,2.6,188.0,,30099.0,
Infinix Note 40 Pro,4.6,39.0,,79999.0,
Oppo A58,1.8,24.0,,43999.0,
Xiaomi Redmi 12C,4.2,520.0,,23999.0,
Xiaomi Redmi A2 Plus,4.0,541.0,,19999.0,
Poco X6 Pro 5G,2.1,48.0,,122099.0,
Poco F6,4.0,5.0,,131999.0,
Poco F6 Pro,4.3,1.0,,169999.0,
Vivo Y22,2.1,26.0,,34599.0,
Vivo Y27s,3.4,24.0,,40099.0,
Realme Note 50,2.0,211.0,,22599.0,
Realme 12+ 5G,4.1,26.0,,72500.0,
Tecno Phantom V Flip 2 5G,1.3,,,104999.0,
Dcode Cypher,3.7,7.0,,24999.0,
Dcode Cygnal 2 Lite,3.8,12.0,,15299.0,
VGO TEL New 22,4.3,37.0,,17999.0,
VGO TEL i102,2.1,,,2599.0,
VGO-TEL V5310,3.8,,,4699.0,
Itel SG600,4.6,3.0,,3399.0,
Sparx Ultra 11,4.2,7.0,,27099.0,
Jazz Digit Music 4G,3.9,1.0,,7499.0,
GFive G251,2.9,,,3499.0,
Infinix Hot 30,4.3,188.0,,30099.0,
Infinix Note 40 Pro,2.1,39.0,,79999.0,
Oppo A58,2.4,24.0,,43999.0,
Xiaomi Redmi 12C,1.7,520.0,,23999.0,
Xiaomi Redmi A2 Plus,2.0,541.0,,19999.0,
Poco X6 Pro 5G,2.6,48.0,,122099.0,
Poco F6,3.1,5.0,,131999.0,
Poco F6 Pro,2.4,1.0,,169999.0,
Vivo Y22,1.7,26.0,,34599.0,
Vivo Y27s,4.6,24.0,,40099.0,
Realme Note 50,4.6,211.0,,22599.0,
Realme 12+ 5G,4.2,26.0,,72500.0,
Tecno Phantom V Flip 2 5G,1.5,,,104999.0,
Itel SG600,1.8,3.0,,3399.0,
Dcode Cypher,2.1,7.0,,24999.0,
Dcode Cygnal 2 Lite,1.6,12.0,,15299.0,
VGO TEL New 22,4.3,37.0,,17999.0,
VGO TEL i102,3.1,,,2599.0,
VGO-TEL V5310,3.0,,,4699.0,
Gfive G4 Play,2.3,,,3199.0,
GFive Dhoom,1.2,1.0,,2149.0,
GFive magic pro,3.3,1.0,,3149.0,
GFive ultra smart,3.9,5.0,,2999.0,
Calme i14 Max,2.2,2.0,,4099.0,
Calme C12,3.1,,,2399.0,
Jazz Digit Shine 4G,3.3,6.0,,7599.0,
Digit E4 Pro 4G,4.0,7.0,,9699.0,
ZTE Blade V30 Vita,1.9,88.0,,19499.0,
me Mobile L108,4.8,1.0,,2799.0,
me Mobile Magic Sound,1.5,1.0,,2699.0,
me Mobile Magic Star Pro,1.3,,,2699.0,
me Mobile M6310,2.1,3.0,,2749.0,
Gresso Rock star,2.6,,,4199.0,
VNUS Sky 1,3.8,30.0,,11099.0,
OUKITEL C32,2.6,,,25899.0,
XMobile SL100 Plus Lite,2.9,3.0,,3999.0,
E-Tachi B105,4.6,4.0,,2599.0,
E-Tachi E200,3.6,2.0,,3799.0,
E-Tachi E444,2.5,,,3749.0,
E-Tachi iPro Max,3.0,2.0,,4799.0,
E-TACHI B01,3.2,,,2649.0,
Club Mobile Ali Baba,3.9,,,2699.0,
Qmobile E1000 Party 2021,2.9,,,3549.0,
Qmobile Q150s,2.9,7.0,,2749.0,
QMobile QStar,1.6,3.0,,3149.0,
QMobile E990i Sirocco,2.9,5.0,,3599.0,
Qmobile Classic,3.5,1.0,,2699.0,
Qmobile QSpark,2.9,,,2699.0,
Qmobile Qicon,5.0,,,2499.0,
Nokia 230 Dual SIM,4.5,6.0,,12499.0,
Nokia 110 (2019),4.5,25.0,,6999.0,
Nokia G21,3.4,202.0,,24699.0,
Nokia C21,2.7,59.0,,15499.0,
Nokia 105 Plus,2.0,60.0,,5499.0,
Samsung Galaxy Z Flip 4,4.4,14.0,,204999.0,
Apple iPhone 14 Plus,3.2,,,420999.0,
Apple iPhone 15,2.3,1.0,,321999.0,
Apple iPhone 15 Pro Max,4.0,11.0,,459499.0,
Infinix Smart 6,3.7,89.0,,18799.0,
Infinix Zero 30 5G,3.9,18.0,,94499.0,
Infinix Zero 30 4G,3.2,224.0,,64999.0,
Villaon V110,3.9,1.0,,2099.0,
Vivo Y73,2.9,3.0,,65999.0,
Realme C51,1.6,241.0,,23199.0,
Tecno Spark 10C,4.5,111.0,,24899.0,
Tecno Pova 5 Pro,1.3,123.0,,42999.0,
Motorola Moto G84 5G,2.1,44.0,,66999.0,
Itel S23 4G,2.8,784.0,,20899.0,
Dcode Cygnal,1.3,7.0,,21499.0,
Dcode Bold 3 Pro,1.7,70.0,,41499.0,
VGO TEL New 7,4.5,37.0,,6299.0,
VGO TEL NEW 20,3.9,15.0,,18299.0,
Villaon V110,3.2,1.0,,2099.0,
Apple iPhone 14 Pro Max,2.7,6.0,,499999.0,
Infinix Hot 30 Play,1.6,135.0,,23499.0,
Infinix Note 30 Pro,4.0,221.0,,45999.0,
Infinix Hot 40i,4.2,179.0,,29599.0,
QMobile Gabbar,2.2,2.0,,3799.0,
Qmobile Music Ka Sultan Pro,3.5,2.0,,3999.0,
QMobile Q130 classic,3.8,,,2465.0,
Qmobile Qneo,2.3,,,2649.0,
Qmobile Qplay,1.4,,,2449.0,
Nokia 130 (2024),4.3,16.0,,6699.0,
Xiaomi Redmi Note 12,2.7,692.0,,44999.0,
Motorola Moto G23,4.7,67.0,,32999.0,
Tecno Pova Neo 2,3.9,34.0,,36499.0,
Tecno Spark 20 Pro,1.1,70.0,,38499.0,
Tecno Phantom V Fold 2 5G,2.7,,,369999.0,
Dcode Cygnal 3,3.8,11.0,,18899.0,
Dcode Cygnal 3 Lite,4.3,30.0,,17699.0,
VGO TEL i101,4.7,38.0,,2199.0,
VGO TEL i888,4.3,2.0,,5099.0,
VGO TEL i252,1.1,2.0,,3999.0,
VGO-TEL Easy 200,4.2,1.0,,2549.0,
VGO TEL i510,5.0,,,3499.0,
VGO Tel Smart 8,1.4,5.0,,17599.0,
Itel Power 450,4.8,,,3899.0,
GFive G550 Power,3.3,11.0,,3299.0,
GFive Boss,1.1,,,3099.0,
Gfive Fire,4.2,2.0,,3199.0,
Gfive Pro Max,3.7,5.0,,3299.0,
Calme 4G Prime,4.5,,,10049.0,
Calme D105,2.1,,,2299.0,
ZTE Blade A52,2.8,118.0,,15999.0,
ZTE Blade A53 Pro,4.2,36.0,,15999.0,
ZTE Blade V50 Design,1.3,32.0,,27999.0,
me Mobile M-1110 Lite,2.0,8.0,,2425.0,
me Mobile Magic Max,3.4,2.0,,2799.0,
Memobile M110,4.2,,,2299.0,
VNUS Rock 1,2.5,5.0,,10099.0,
Gionee Q23,2.4,,,3299.0,
E-Tachi 4 Star,1.5,,,4199.0,
E-Tachi E7i,3.4,,,3799.0,
E-tachi E4 Hero,3.7,,,2999.0,
E-tachi Ipro 4g,1.2,,,7099.0,
E-tachi Seven Star,3.9,,,4199.0,
Club Mobile Muzik 4,1.8,1.0,,3699.0,
Club Mobile Ali Baba 1,5.0,,,2699.0,
Club Mobile Music 110,3.0,1.0,,2399.0,
FAYWA Magic Power,3.1,,,2099.0,
Qmobile E1000 Party V2,2.6,,,3349.0,
Nokia 150 (2020),1.9,19.0,,9499.0,
Nokia 110 4G,4.9,6.0,,5999.0,
Nokia 150 (2023),3.1,30.0,,7899.0,
Samsung Galaxy A53 5G,2.6,150.0,,92999.0,
Infinix Hot 12,2.1,204.0,,23299.0,
Infinix Hot 12 Play,2.0,205.0,,28299.0,
Xiaomi Redmi Note 12S,1.1,6.0,,69499.0,
Vivo V30e,1.5,16.0,,95999.0,
Tecno Camon 18 Premier,3.1,44.0,,74999.0,
Tecno Camon 18P,4.3,105.0,,45499.0,
Tecno Camon 19 Pro,1.7,11.0,,49999.0,
Tecno Camon 20,2.5,197.0,,41999.0,
Dcode X,1.7,16.0,,46199.0,
VGO TEL i261,3.7,1.0,,3349.0,
VGO TEL Beauty,3.7,3.0,,2999.0,
itel Muzik 410,4.4,,,4099.0,
itel Value 110s,3.8,170.0,,2549.0,
Itel Magic 3,1.8,14.0,,5499.0,
Itel A49,1.3,48.0,,15899.0,
GFive Champ,2.8,,,3599.0,
Gresso G105,5.0,,,2400.0,
Club Mobile A9 Victory,3.6,2.0,,3099.0,
Club Mobile A95 Plus,4.9,,,3599.0,
Faywa E2000 Music,4.7,,,3525.0,
Faywa L7,4.2,,,2549.0,
Faywa L9,2.3,,,2599.0,
Faywa Dhoom,2.0,,,3325.0,
XMobile X2 Selfie,3.7,3.0,,2899.0,
XMobile X7,3.9,,,4099.0,
Xmobile X50,1.3,,,3799.0,
E-tachi iPro Plus,4.2,,,4199.0,
E-tachi E215 classic,3.8,,,3599.0,
Gionee Q26,1.8,,,3499.0,
X-CELL XL-602,3.4,,,2699.0,
AllCall Hero 20 Max,2.3,,,20979.0,
QMobile E400 Pro,2.9,,,3119.0,
QMobile G3,2.7,5.0,,4399.0,
Qmobile E1000 Music,3.8,1.0,,3749.0,
Qmobile E4 Quad PRO,3.3,2.0,,3599.0,
Nokia 5710,4.2,5.0,,17999.0,
Infinix Hot 11 Play,3.1,124.0,,26499.0,
Infinix Smart 6 HD,1.6,20.0,,19499.0,
Vivo Y02t,1.5,19.0,,22499.0,
Vivo V29e,4.6,14.0,,71499.0,
Tecno Pop 5,3.3,39.0,,17299.0,
Tecno POP 5 LTE,4.4,91.0,,17299.0,
Tecno Camon 19 Neo,2.3,353.0,,30499.0,
Tecno Spark 9T,3.1,8.0,,27999.0,
GFive music 400,3.2,1.0,,3099.0,
Digit Bravo,4.9,2.0,,2799.0,
me Mobile L110,2.6,,,1599.0,
me Mobile Power Star,1.3,,,1675.0,
me Mobile DJ Master,1.6,1.0,,2199.0,
Xmobile D4 Ultra,3.6,,,4099.0,
Xmobile Platinum 1000,2.0,2.0,,4099.0,
Club Mobile 105A,1.4,,,2599.0,
Faywa L5,4.8,,,2649.0,
Faywa Magic Star,4.1,,,2549.0,
Faywa Dabang,4.1,,,3099.0,
Faywa K13,3.8,4.0,,2350.0,
QMobile i4i,3.4,2.0,,7999.0,
Qmobile Q105i,1.5,,,2415.0,
Qmobile Qclub,2.3,,,3399.0,
Infinix Hot 20i,1.8,50.0,,24999.0,
Vivo V30 5G,3.8,17.0,,129999.0,
Realme C30,2.0,23.0,,16499.0,
VGO TEL Beauty Max,3.3,,,3649.0,
GFive Cobra,1.1,1.0,,3099.0,
me Mobile Power Bold,3.2,,,2999.0,
me Mobile L786,1.2,,,2899.0,
XMobile SL100 Plus,3.5,,,3649.0,
XMOBILE X1 PLAY,1.9,,,3299.0,
Xmobile X101 Plus,2.6,,,2749.0,
Xmobile X Flip,4.9,13.0,,3564.0,
E-Tachi E200 Lite,1.9,,,3899.0,
Club Mobile A5000,1.2,1.0,,3499.0,
Faywa L2,1.8,1.0,,2530.0,
Faywa Music 400 Pro,4.9,,,2899.0,
Faywa Music 400,1.1,,,3299.0,
Faywa F6310,1.4,4.0,,2949.0,
Samsung Galaxy S24 Ultra (12GB-1TB),1.7,2.0,,444999.0,
Tecno Camon 18T,2.7,191.0,,41999.0,
Tecno Pova Neo,4.5,55.0,,22799.0,
Tecno Camon 19 Pro Mondrian,4.9,4.0,,64999.0,
VGO TEL I550,2.4,,,3599.0,
GFive Crown,2.0,2.0,,2325.0,
GFive Hero,1.7,1.0,,3249.0,
GFive Speed,3.9,1.0,,2799.0,
Calme C106,2.2,1.0,,2399.0,
Calme C105,4.5,,,2449.0,
me Mobile Power Max,1.2,,,1775.0,
GRESSO G110,4.2,1.0,,3099.0,
Xmobile Battery Ka Badshah,3.7,,,2899.0,
E- Tachi Mega Metal,2.9,,,3799.0,
Spice Mega Music,2.4,,,2425.0,
Club Mobile A20,1.4,,,3499.0,
Club Mobile 106,1.8,,,2599.0,
FAYWA F2,1.2,,,2399.0,
Faywa F3,1.1,,,2199.0,
Faywa Music 600,3.2,,,3299.0,
Faywa SL100,1.0,,,3275.0,
Faywa B1 Mini,3.2,,,2599.0,
itel A70 Pro,3.8,24.0,,20499.0,
Sparx S7,1.9,,,14099.0,
Samsung Galaxy A12,1.5,352.0,,24999.0,
QMobile Q130 Pro,1.8,,,2465.0,
Nokia 106 (2018),2.4,86.0,,5499.0,
Xiaomi Redmi Note 12 Pro,4.8,81.0,,81999.0,
Dcode Bold,4.8,24.0,,29999.0,
VGO TEL Note 24,2.1,212.0,,29999.0,
itel A17,4.2,42.0,,10599.0,
itel Value 100s,1.7,48.0,,2549.0,
Itel Power 900,5.0,1.0,,5099.0,
GFive Disco,2.8,1.0,,3199.0,
GFive Spark,3.9,3.0,,2325.0,
GFive Mega Music,1.8,,,3499.0,
me mobile L101,3.1,,,1525.0,
me Mobile L100,2.1,,,1450.0,
me Mobile Power Music,4.0,,,1799.0,
me Mobile L106 Pro,1.1,,,1999.0,
VNUS Boss 1,2.0,6.0,,3099.0,
E-Tachi E888,4.4,,,3749.0,
Faywa SP1000,1.6,,,2475.0,
Faywa E1000 Party,3.1,,,3179.0,
Faywa K115,4.2,,,2399.0,
Faywa J2 CLASSIC,4.6,,,3049.0,
Faywa K14 (3 SIM),1.6,14.0,,1849.0,
GFive Baadshah 2.4,2.4,,,2999.0,
Club Mobile Magic 3,1.1,,,4599.0,
Faywa F110,4.3,,,2199.0,
E-Tachi E550 mini,4.2,,,2475.0,
SparX Edge 20,2.8,,,,
E-Tachi Ipro shine,4.6,,,5350.0,
E-tachi Power 1000,1.9,,,4450.0,
Itel P65c,1.5,,,24999.0,
Nokia 100,1.3,,,7000.0,
Itel it5209,5.0,,,3299.0,
Calme msuic500,2.2,,,3300.0,
E-tachi I pro 15,4.0,,,5200.0,
E-tachi Smart Plus,2.7,,,3499.0,
Villaon V230,1.2,,,2999.0,
GFive 4G Style,4.4,,,6999.0,
Calme M15,5.0,,,2300.0,
E-Tachi B12 Star,1.8,,,1999.0,
E-tachi Ipro Ultra,2.8,,,4750.0,
E-tachi Reno Plus,4.5,,,4650.0,
VGO TEL I700,2.4,,,2850.0,
VGO TEL S500,4.7,,,2450.0,
VGO TEL V3310,1.4,,,2499.0,
Gfive Power King,1.7,,,,
me Mobile L102,3.5,,,1385.0,
X Mobile G3 Plus,3.4,,,3300.0,
XMobile X4 Music,4.3,,,3000.0,
XMobile X7 Power,4.2,,,3850.0,
XMobile XStudio,2.3,,,3075.0,
E-Tachi Star Light,2.4,,,3175.0,
VGO TEL I800,4.4,,,2950.0,
XMobile Xstudio pro,1.9,,,3299.0,
Spice Muzik 400 Core,2.1,,,2550.0,
VGO TEL I255,2.6,,,2200.0,
VGO TEL i11,1.4,,,2900.0,
Calme Classic,3.9,,,2600.0,
Faywa Magic 2,1.8,,,2175.0,
Calme C888,2.7,,,3299.0,
Gresso SILK SLIM,1.3,,,3400.0,
XMobile X6 Lite,1.8,,,3299.0,
E-tachi B13 Vip,3.1,,,2899.0,
